id,number,events_id,works_id,with_mls,is_ensemble,is_pseudo_duet,tonality,has_mls_voice,plays_mls_guitar,mks_no_guitar,mks_no_voice,performers,has_synth
s1984_babelman,10,s1984,babelman,true,false,false,D,true,true,false,false,,false
s1984_vishnevo,15,s1984,vishnevo,false,false,false,Am,false,false,false,false,,false
s1984_gorestn,9,s1984,gorestn,true,false,false,D,true,true,false,false,,false
s1984_davajte,21,s1984,davajte,false,false,false,Dm,false,false,false,false,,false
s1984_kapitan,20,s1984,kapitan,true,false,false,Em,false,false,false,false,,false
s1984_kariatid,30,s1984,kariatid,false,false,false,Dm,false,false,false,false,,false
s1984_kibitka,27,s1984,kibitka,false,false,false,Hm,false,false,false,false,,false
s1984_kolybeln,11,s1984,kolybeln,true,false,false,Em,false,false,false,false,,false
s1984_kolesa,1,s1984,kolesa,true,false,false,G,true,true,false,false,,false
s1984_kolesa,31,s1984,kolesa,true,false,false,G,true,true,false,false,,false
s1984_korablik,3,s1984,korablik,true,false,false,Em,true,true,false,false,,false
s1984_krym,25,s1984,krym,false,false,false,G,false,false,false,false,,false
s1984_ljudisux,5,s1984,ljudisux,true,false,false,"Am > Cm",true,true,false,false,,false
s1984_mchisnad,12,s1984,mchisnad,false,false,false,Em,false,false,false,false,,false
s1984_nastasja,23,s1984,nastasja,false,false,false,Dm,false,false,false,false,,false
s1984_ojdachto,22,s1984,ojdachto,false,false,false,Dm,false,false,false,false,,false
s1984_opilki,19,s1984,opilki,false,false,false,Gm,false,false,false,false,,false
s1984_trojka,18,s1984,trojka,false,false,false,Em,false,false,false,false,,false
s1984_pazh,26,s1984,pazh,false,false,false,Dm,false,false,false,false,,false
s1984_rybakov,13,s1984,rybakov,false,false,false,G,false,false,false,false,,false
s1984_poshlyj,16,s1984,poshlyj,false,false,false,D,false,false,false,false,,false
s1984_proscha1,29,s1984,proscha1,false,false,false,Ebm,false,false,false,false,,false
s1984_risunok,2,s1984,risunok,true,false,false,C,true,true,false,false,,false
s1984_stodruze,28,s1984,stodruze,false,false,false,Gm,false,false,false,false,,false
s1984_atlantic,8,s1984,atlantic,true,false,false,Cm,true,false,false,false,,false
s1984_fevral,17,s1984,fevral,false,false,false,Dm,false,false,false,false,,false
s1984_fialkovy,4,s1984,fialkovy,true,false,false,Hm,false,false,false,false,,false
s1984_chastush,6,s1984,chastush,true,false,false,Em,false,true,false,false,,false
s1984_shanson,14,s1984,shanson,false,false,false,Gm,false,false,false,false,,false
s1984_sheja,24,s1984,sheja,false,false,false,D,false,false,false,false,,false
s1984_juzhnyj,7,s1984,juzhnyj,true,false,false,Dm,true,false,false,false,,false
s1986_kapitan,,s1986,kapitan,false,false,,Em,false,false,false,false,,false
s1986_opilki,,s1986,opilki,false,false,,Gm,false,false,false,false,,false
s1986_trojka,,s1986,trojka,false,false,,Em,false,false,false,false,,false
s1986_shanson,,s1986,shanson,false,false,,Gm,false,false,false,false,,false
s1985_billy,29,s1985,billy,false,false,false,Cm,false,false,false,false,,false
s1985_bolero1,45,s1985,bolero1,true,false,false,A,true,true,false,false,,false
s1985_vishnevo,6,s1985,vishnevo,false,false,,Am,false,false,false,false,,false
s1985_vozvrasc,35,s1985,vozvrasc,false,false,false,"E (Em)",false,false,false,false,,false
s1985_vseravno,17,s1985,vseravno,false,false,,Cm,false,false,false,false,,false
s1985_davajte,20,s1985,davajte,false,false,,Dm,false,false,false,false,,false
s1985_doroga,32,s1985,doroga,false,false,false,Em,false,false,false,false,,false
s1985_dusha,43,s1985,dusha,true,false,false,"A > C",true,true,false,false,,false
s1985_znamja,31,s1985,znamja,false,false,false,D,false,false,false,false,,false
s1985_kapitan,14,s1985,kapitan,false,false,false,Em,false,false,false,false,,false
s1985_kariatid,18,s1985,kariatid,false,false,,Dm,false,false,false,false,,false
s1985_kogdaby,9,s1985,kogdaby,false,false,false,Hm,false,false,false,false,,false
s1985_kolesa,36,s1985,kolesa,true,false,,G,true,true,false,false,,false
s1985_konivvag,33,s1985,konivvag,false,false,,A,false,false,false,false,,false
s1985_korablik,39,s1985,korablik,true,false,false,Em,true,true,false,false,,false
s1985_krym,12,s1985,krym,false,false,false,G,false,false,false,false,,false
s1985_krym2,34,s1985,krym2,false,false,false,Dm,false,false,false,false,,false
s1985_ljudisux,40,s1985,ljudisux,true,false,false,"Am > Dm",true,true,false,false,,false
s1985_malenkaj,7,s1985,malenkaj,false,false,false,"Em > F#m",false,false,false,false,,false
s1985_marija,44,s1985,marija,true,false,false,Em,true,true,false,false,,false
s1985_mojgordy,11,s1985,mojgordy,false,false,false,Dm,false,false,false,false,,false
s1985_mchisnad,19,s1985,mchisnad,false,false,,Em,false,false,false,false,,false
s1985_nastasja,15,s1985,nastasja,false,false,,Dm,false,false,false,false,,false
s1985_ojdachto,13,s1985,ojdachto,false,false,,Dm,false,false,false,false,,false
s1985_opilki,4,s1985,opilki,false,false,,Gm,false,false,false,false,,false
s1985_trojka,2,s1985,trojka,false,false,,Em,false,false,false,false,,false
s1985_pazh,25,s1985,pazh,false,false,,Dm,false,false,false,false,,false
s1985_rybakov,22,s1985,rybakov,false,false,false,G,false,false,false,false,,false
s1985_sredneg1,21,s1985,sredneg1,false,false,false,Em,false,false,false,false,,false
s1985_poshlyj,5,s1985,poshlyj,false,false,,D,false,false,false,false,,false
s1985_pronenad,24,s1985,pronenad,false,false,,Em,false,false,false,false,,false
s1985_proscha1,47,s1985,proscha1,true,false,,"Eb (условно)",true,true,false,false,,false
s1985_proscha2,8,s1985,proscha2,false,false,,Am,false,false,false,false,,false
s1985_risunok,37,s1985,risunok,true,false,false,C,true,true,false,false,,false
s1985_romans1,28,s1985,romans1,false,false,,Dm,false,false,false,false,,false
s1985_romans2,23,s1985,romans2,false,false,,Dm,false,false,false,false,,false
s1985_stodruze,10,s1985,stodruze,false,false,,Gm,false,false,false,false,,false
s1985_teplyj,30,s1985,teplyj,false,false,false,Am,false,false,false,false,,false
s1985_fevral,3,s1985,fevral,false,false,,Dm,false,false,false,false,,false
s1985_fialkovy,38,s1985,fialkovy,false,false,,Hm,false,false,false,false,,false
s1985_chastush,41,s1985,chastush,true,false,false,Em,false,true,false,false,,false
s1985_shanson,1,s1985,shanson,false,false,,Gm,false,false,false,false,,false
s1985_sheja,26,s1985,sheja,false,false,,D,false,false,false,false,,false
s1985_schitime,27,s1985,schitime,false,false,false,Am,false,false,false,false,,false
s1985_jubilejn,46,s1985,jubilejn,true,false,,Cm,true,true,false,false,,false
s1985_juzhnyj,42,s1985,juzhnyj,false,false,false,Dm,false,false,false,false,,false
s1985_jaispoln,16,s1985,jaispoln,false,false,false,Am,false,false,false,false,,false
s1987_akogdago,81,s1987,akogdago,false,false,false,F#m,false,false,false,false,,false
s1987_alliluja,20,s1987,alliluja,false,false,false,Gm,false,false,false,false,,false
s1987_aprel,30,s1987,aprel,false,false,false,Dm,false,false,false,false,,false
s1987_babelman,62,s1987,babelman,false,false,false,D,false,false,false,false,,false
s1987_balagan1,90,s1987,balagan1,false,false,false,Em,false,false,false,false,,false
s1987_billy,27,s1987,billy,false,false,false,Cm,false,false,false,false,,false
s1987_bolero1,49,s1987,bolero1,false,false,false,A,false,false,false,false,,false
s1987_vechnoot,73,s1987,vechnoot,false,false,false,Gm,false,false,false,false,,false
s1987_vishnevo,5,s1987,vishnevo,false,false,false,Am,false,false,false,false,,false
s1987_vozvrasc,33,s1987,vozvrasc,false,false,false,E,false,false,false,false,,false
s1987_vosxodja,85,s1987,vosxodja,false,false,false,Em,false,false,false,false,,false
s1987_vseravno,61,s1987,vseravno,false,false,false,Cm,false,false,false,false,,false
s1987_gorestn,34,s1987,gorestn,false,false,false,D,false,false,false,false,,false
s1987_gorestn2,91,s1987,gorestn2,false,false,false,Dm,false,false,false,false,,false
s1987_davajte,36,s1987,davajte,false,false,false,Dm,false,false,false,false,,false
s1987_deloshlo,31,s1987,deloshlo,false,false,false,Hm,false,false,false,false,,false
s1987_doroga,28,s1987,doroga,false,false,false,Em,false,false,false,false,,false
s1987_druzjamo,66,s1987,druzjamo,false,false,false,Cm,false,false,false,false,,false
s1987_dusha,7,s1987,dusha,false,false,false,C,false,false,false,false,,false
s1987_zakonxod,84,s1987,zakonxod,false,false,false,Dm,false,false,false,false,,false
s1987_znamja,67,s1987,znamja,false,false,false,D,false,false,false,false,,false
s1987_kapitan,1,s1987,kapitan,false,false,false,Em,false,false,false,false,,false
s1987_kariatid,50,s1987,kariatid,false,false,false,Dm,false,false,false,false,,false
s1987_kibitka,2,s1987,kibitka,false,false,false,Hm,false,false,false,false,,false
s1987_kogdaby,29,s1987,kogdaby,false,false,false,Hm,false,false,false,false,,false
s1987_kolybeln,10,s1987,kolybeln,false,false,false,Em,false,false,false,false,,false
s1987_konivvag,22,s1987,konivvag,false,false,false,A,false,false,false,false,,false
s1987_korablik,48,s1987,korablik,false,false,false,Em,false,false,false,false,,false
s1987_krym,55,s1987,krym,false,false,false,G,false,false,false,false,,false
s1987_krym2,63,s1987,krym2,false,false,false,Dm,false,false,false,false,,false
s1987_ljudisux,60,s1987,ljudisux,false,false,false,Hm,false,false,false,false,,false
s1987_maj,18,s1987,maj,false,false,false,Am,false,false,false,false,,false
s1987_malenkaj,51,s1987,malenkaj,false,false,false,"Em > F#m",false,false,false,false,,false
s1987_marija,45,s1987,marija,false,false,false,Em,false,false,false,false,,false
s1987_mojarabo,21,s1987,mojarabo,false,false,false,A,false,false,false,false,,false
s1987_moekoro1,79,s1987,moekoro1,false,false,false,C#m,false,false,false,false,,false
s1987_moekoro2,80,s1987,moekoro2,false,false,false,"Am > Cm",false,false,false,false,,false
s1987_muzhajsj,87,s1987,muzhajsj,false,false,false,Bm,false,false,false,false,,false
s1987_mchisnad,58,s1987,mchisnad,false,false,false,Em,false,false,false,false,,false
s1987_navsejz1,12,s1987,navsejz1,false,false,false,Am,false,false,false,false,,false
s1987_navsejz2,77,s1987,navsejz2,false,false,false,Am,false,false,false,false,,false
s1987_nazimnej,88,s1987,nazimnej,false,false,false,Am,false,false,false,false,,false
s1987_nastasja,9,s1987,nastasja,false,false,false,Dm,false,false,false,false,,false
s1987_novyjgen,89,s1987,novyjgen,false,false,false,"Am > Bm",false,false,false,false,,false
s1987_ojdachto,41,s1987,ojdachto,false,false,false,Dm,false,false,false,false,,false
s1987_ojnetron,68,s1987,ojnetron,false,false,false,Am,false,false,false,false,,false
s1987_opilki,3,s1987,opilki,false,false,false,Gm,false,false,false,false,,false
s1987_bezhence,35,s1987,bezhence,false,false,false,Am,false,false,false,false,,false
s1987_oxrany,70,s1987,oxrany,false,false,false,Dm,false,false,false,false,,false
s1987_kladbisc,69,s1987,kladbisc,false,false,false,Em,false,false,false,false,,false
s1987_ogerojax,72,s1987,ogerojax,false,false,false,Am,false,false,false,false,,false
s1987_trojka,57,s1987,trojka,false,false,false,Em,false,false,false,false,,false
s1987_pazh,38,s1987,pazh,false,false,false,"Am > Hm",false,false,false,false,,false
s1987_rybakov,43,s1987,rybakov,false,false,false,G,false,false,false,false,,false
s1987_sredneg1,46,s1987,sredneg1,false,false,false,Em,false,false,false,false,,false
s1987_sredneg2,17,s1987,sredneg2,false,false,false,"Em > F#m",false,false,false,false,,false
s1987_tolpy,71,s1987,tolpy,false,false,false,C,false,false,false,false,,false
s1987_podzname,14,s1987,podzname,false,false,false,Am,false,false,false,false,,false
s1987_popravte,65,s1987,popravte,false,false,false,D,false,false,false,false,,false
s1987_poshlyj,4,s1987,poshlyj,false,false,false,D,false,false,false,false,,false
s1987_pronenad,39,s1987,pronenad,false,false,false,Em,false,false,false,false,,false
s1987_prosypaj,24,s1987,prosypaj,false,false,false,Dm,false,false,false,false,,false
s1987_proshuvn,82,s1987,proshuvn,false,false,false,Am,false,false,false,false,,false
s1987_proscha1,52,s1987,proscha1,false,false,false,"Ebm (условно)",false,false,false,false,,false
s1987_proscha2,76,s1987,proscha2,false,false,false,D,false,false,false,false,,false
s1987_proschan,78,s1987,proschan,false,false,false,Dm,false,false,false,false,,false
s1987_pustyjeb,15,s1987,pustyjeb,false,false,false,Am,false,false,false,false,,false
s1987_risunok,37,s1987,risunok,false,false,false,C,false,false,false,false,,false
s1987_romans1,26,s1987,romans1,false,false,false,Dm,false,false,false,false,,false
s1987_romans2,23,s1987,romans2,false,false,false,Dm,false,false,false,false,,false
s1987_sentyabr,19,s1987,sentyabr,false,false,false,Dm,false,false,false,false,,false
s1987_stodruze,11,s1987,stodruze,false,false,false,Gm,false,false,false,false,,false
s1987_krajzem,16,s1987,krajzem,false,false,false,D,false,false,false,false,,false
s1987_temapoko,86,s1987,temapoko,false,false,false,C,false,false,false,false,,false
s1987_atlantic,54,s1987,atlantic,false,false,false,Cm,false,false,false,false,,false
s1987_tolpaxud,74,s1987,tolpaxud,false,false,false,Hm,false,false,false,false,,false
s1987_ispokojn,25,s1987,ispokojn,false,false,false,Gm,false,false,false,false,,false
s1987_trubach,13,s1987,trubach,false,false,false,Am,false,false,false,false,,false
s1987_teplyj,64,s1987,teplyj,false,false,false,Am,false,false,false,false,,false
s1987_unasopja,32,s1987,unasopja,false,false,false,Em,false,false,false,false,,false
s1987_unasopja,92,s1987,unasopja,false,false,false,Em,false,false,false,false,,false
s1987_fevral,47,s1987,fevral,false,false,false,Dm,false,false,false,false,,false
s1987_fialkovy,8,s1987,fialkovy,false,false,false,Hm,false,false,false,false,,false
s1987_xudozhni,75,s1987,xudozhni,false,false,false,,false,false,false,false,,false
s1987_chastush,40,s1987,chastush,false,false,false,Em,false,false,false,false,,false
s1987_shanson,6,s1987,shanson,false,false,false,Gm,false,false,false,false,,false
s1987_sheja,53,s1987,sheja,false,false,false,D,false,false,false,false,,false
s1987_schitime,44,s1987,schitime,false,false,false,Am,false,false,false,false,,false
s1987_jubilejn,56,s1987,jubilejn,false,false,false,Cm,false,false,false,false,,false
s1987_juzhnyj,59,s1987,juzhnyj,false,false,false,Dm,false,false,false,false,,false
s1987_jaispoln,42,s1987,jaispoln,false,false,false,Am,false,false,false,false,,false
s1987_jachashu,83,s1987,jachashu,false,false,false,Hm,false,false,false,false,,false
s1989-e_adleucon,14,s1989-e,adleucon,true,false,false,,true,true,false,false,,false
s1989-e_alliluja,15,s1989-e,alliluja,true,false,false,Gm,true,false,false,false,,false
s1989-e_balagan1,7,s1989-e,balagan1,false,false,false,Em,false,false,false,false,,false
s1989-e_billy,11,s1989-e,billy,false,false,false,Cm,false,false,false,false,,false
s1989-e_bolero1,21,s1989-e,bolero1,true,false,false,A,true,false,false,false,,false
s1989-e_vechnoes,12,s1989-e,vechnoes,false,false,false,"Dm > Em",false,false,false,false,,false
s1989-e_vishnevo,20,s1989-e,vishnevo,false,false,false,Am,false,false,false,false,,false
s1989-e_vozvrasc,25,s1989-e,vozvrasc,false,false,false,E,false,false,false,false,,false
s1989-e_vosxodja,31,s1989-e,vosxodja,false,false,false,,true,true,false,false,,false
s1989-e_dusha,17,s1989-e,dusha,true,false,false,"A > C",true,true,false,false,,false
s1989-e_kibitka,1,s1989-e,kibitka,false,false,false,Hm,false,false,false,false,,false
s1989-e_kovcheg,6,s1989-e,kovcheg,true,false,false,C#m,true,true,false,false,,false
s1989-e_konivvag,30,s1989-e,konivvag,true,false,false,,true,true,false,false,,false
s1989-e_malenkaj,19,s1989-e,malenkaj,false,false,false,"Em > F#m",false,false,false,false,,false
s1989-e_marija,16,s1989-e,marija,true,false,false,Em,true,true,false,false,,false
s1989-e_mojgordy,33,s1989-e,mojgordy,false,false,false,Dm,false,false,false,false,,false
s1989-e_moekoro1,9,s1989-e,moekoro1,false,false,false,C#m,false,false,false,false,,false
s1989-e_moekoro2,10,s1989-e,moekoro2,false,false,false,"Am > Cm",false,false,false,false,,false
s1989-e_navsejz1,13,s1989-e,navsejz1,false,false,false,Am,false,false,false,false,,false
s1989-e_navescha,22,s1989-e,navescha,false,false,false,Dm,false,false,false,false,,false
s1989-e_podzname,2,s1989-e,podzname,false,false,false,Am,false,false,false,false,,false
s1989-e_proscha1,18,s1989-e,proscha1,true,false,false,"Ebm (условно)",true,true,false,false,,false
s1989-e_proscha2,4,s1989-e,proscha2,true,false,false,"Ebm (условно)",true,true,false,false,,false
s1989-e_proscha3,29,s1989-e,proscha3,false,false,false,,false,false,false,false,,false
s1989-e_proschan,8,s1989-e,proschan,false,false,false,Dm,false,false,false,false,,false
s1989-e_pustyjeb,3,s1989-e,pustyjeb,false,false,false,Am,false,false,false,false,,false
s1989-e_romans1,26,s1989-e,romans1,true,false,false,Dm,true,true,false,false,,false
s1989-e_romans2,28,s1989-e,romans2,false,false,false,,false,false,false,false,,false
s1989-e_sezondoz,32,s1989-e,sezondoz,false,false,false,,false,false,false,false,,false
s1989-e_trubach,5,s1989-e,trubach,false,false,false,Am,false,false,false,false,,false
s1989-e_schitime,24,s1989-e,schitime,false,false,false,Am,false,false,false,false,,false
s1989-e_jubilejn,27,s1989-e,jubilejn,true,false,false,,true,true,false,false,,false
s1989-e_jaispoln,23,s1989-e,jaispoln,false,false,false,Am,false,false,false,false,,false
s1990-b2_allegord,,s1990-b2,allegord,true,false,false,A,true,true,false,false,,false
s1990-a1_adleucon,3,s1990-a1,adleucon,true,false,false,Gm,true,true,false,false,,false
s1990-a1_alliluja,7,s1990-a1,alliluja,true,false,false,Gm,true,false,false,false,,false
s1990-a1_balagan1,17,s1990-a1,balagan1,false,false,false,Em,false,false,false,false,,false
s1990-a1_bolero1,4,s1990-a1,bolero1,true,false,false,A,true,true,false,false,,false
s1990-a1_vishnevo,13,s1990-a1,vishnevo,false,false,false,Am,false,false,false,false,,false
s1990-a1_vosxodja,1,s1990-a1,vosxodja,true,false,false,Em,true,true,false,false,,false
s1990-a1_dusha,5,s1990-a1,dusha,true,false,false,"A > C",true,true,false,false,,false
s1990-a1_kibitka,15,s1990-a1,kibitka,false,false,false,Hm,false,false,false,false,,false
s1990-a1_kovcheg,11,s1990-a1,kovcheg,true,false,false,C#m,true,true,false,false,,false
s1990-a1_konivvag,8,s1990-a1,konivvag,true,false,false,A,true,true,false,false,,false
s1990-a1_malenkaj,14,s1990-a1,malenkaj,false,false,false,"Em > F#m",false,false,false,false,,false
s1990-a1_marija,9,s1990-a1,marija,true,false,false,Em,true,true,false,false,,false
s1990-a1_proscha1,6,s1990-a1,proscha1,true,false,false,"Ebm (условно)",true,true,false,false,,false
s1990-a1_proscha2,10,s1990-a1,proscha2,true,false,false,Am,true,true,false,false,,false
s1990-a1_romans1,2,s1990-a1,romans1,true,false,false,Dm,true,true,false,false,,false
s1990-a1_trubach,16,s1990-a1,trubach,false,false,false,Am,false,false,false,false,,false
s1990-a1_jubilejn,12,s1990-a1,jubilejn,true,false,false,Cm,true,true,false,false,,false
s1990-b1_eccehomo,,s1990-b1,eccehomo,false,false,,"D > F#",false,false,false,false,,false
s1990-b1_akoektop,,s1990-b1,akoektop,false,false,false,,false,false,false,false,,false
s1990-b1_alliluja,,s1990-b1,alliluja,true,false,false,Gm,true,false,false,false,,false
s1990-b1_aerodrom,,s1990-b1,aerodrom,false,false,false,Dm,false,false,false,false,,false
s1990-b1_balagan2,,s1990-b1,balagan2,false,false,false,"H > C",false,false,false,false,,false
s1990-b1_burja,,s1990-b1,burja,false,false,false,Dm,false,false,false,false,,false
s1990-b1_vekaplyv,,s1990-b1,vekaplyv,false,false,false,Cm,false,false,false,false,,false
s1990-b1_vechnoot,,s1990-b1,vechnoot,false,false,false,"Em > F#m",false,false,false,false,,false
s1990-b1_vechnoes,,s1990-b1,vechnoes,false,false,false,"Dm > Em",false,false,false,false,,false
s1990-b1_vishnevo,,s1990-b1,vishnevo,false,false,false,Am,false,false,false,false,,false
s1990-b1_voslavug,,s1990-b1,voslavug,false,false,false,Dm,false,false,false,false,,false
s1990-b1_vostoch1,,s1990-b1,vostoch1,false,false,false,Em,false,false,false,false,,false
s1990-b1_vostochr,,s1990-b1,vostochr,false,false,false,Am,false,false,false,false,,false
s1990-b1_votpodni,,s1990-b1,votpodni,false,false,false,Am,false,false,false,false,,false
s1990-b1_vseravno,,s1990-b1,vseravno,false,false,false,Cm,false,false,false,false,,false
s1990-b1_gorestn2,,s1990-b1,gorestn2,false,false,false,Dm,false,false,false,false,,false
s1990-b1_deloshlo,,s1990-b1,deloshlo,false,false,false,Hm,false,false,false,false,,false
s1990-b1_doroga,,s1990-b1,doroga,false,false,false,Em,false,false,false,false,,false
s1990-b1_zavescha,,s1990-b1,zavescha,false,false,false,Em,false,false,false,false,,false
s1990-b1_zatemzhe,,s1990-b1,zatemzhe,false,false,false,Am,false,false,false,false,,false
s1990-b1_itakdruz,,s1990-b1,itakdruz,false,false,false,Em,false,false,false,false,,false
s1990-b1_kibitka,,s1990-b1,kibitka,true,false,false,Hm,true,true,false,false,,false
s1990-b1_kinemat1,,s1990-b1,kinemat1,false,false,,С,false,false,false,false,,false
s1990-b1_kogdajab,,s1990-b1,kogdajab,false,false,false,Em,false,false,false,false,,false
s1990-b1_kolybelb,,s1990-b1,kolybelb,false,false,false,"Em (условно)",false,false,false,false,,false
s1990-b1_kupljubi,,s1990-b1,kupljubi,false,false,false,"A > H",false,false,false,false,,false
s1990-b1_ljudisux,,s1990-b1,ljudisux,true,false,false,,true,true,false,false,,false
s1990-b1_maj,,s1990-b1,maj,false,false,false,Am,false,false,false,false,,false
s1990-b1_malenkaj,,s1990-b1,malenkaj,false,false,false,"Em > F#m",false,false,false,false,,false
s1990-b1_mezhetim,,s1990-b1,mezhetim,false,false,false,Hm,false,false,false,false,,false
s1990-b1_otchego1,,s1990-b1,otchego1,false,false,false,"Am > Cm",false,false,false,false,,false
s1990-b1_molitva,,s1990-b1,molitva,false,false,false,Gm,false,false,false,false,,false
s1990-b1_mojarabo,,s1990-b1,mojarabo,false,false,false,A,false,false,false,false,,false
s1990-b1_moekoro1,,s1990-b1,moekoro1,false,false,false,C#m,false,false,false,false,,false
s1990-b1_moekoro2,,s1990-b1,moekoro2,false,false,false,"Am > C#m",false,false,false,false,,false
s1990-b1_moekoro3,,s1990-b1,moekoro3,false,false,,D,false,false,false,false,,false
s1990-b1_muzhajsj,,s1990-b1,muzhajsj,true,false,false,Bm,true,true,false,false,,false
s1990-b1_navsejz1,,s1990-b1,navsejz1,true,false,false,Am,true,true,false,false,,false
s1990-b1_nazimnej,,s1990-b1,nazimnej,false,false,false,Am,false,false,false,false,,false
s1990-b1_navescha,,s1990-b1,navescha,false,false,false,Dm,false,false,false,false,,false
s1990-b1_netnet,,s1990-b1,netnet,false,false,false,Hm,false,false,false,false,,false
s1990-b1_nichemun,,s1990-b1,nichemun,false,false,false,D,false,false,false,false,,false
s1990-b1_novyjgen,,s1990-b1,novyjgen,false,false,false,"Am > Hm",false,false,false,false,,false
s1990-b1_japodari,,s1990-b1,japodari,false,false,false,Am,false,false,false,false,,false
s1990-b1_vpoxodny,,s1990-b1,vpoxodny,false,false,false,Am,false,false,false,false,,false
s1990-b1_sredneg2,,s1990-b1,sredneg2,false,false,false,"Em > F#m",false,false,false,false,,false
s1990-b1_popovodu,,s1990-b1,popovodu,false,false,false,Hm,false,false,false,false,,false
s1990-b1_podzname,,s1990-b1,podzname,false,false,false,Am,false,false,false,false,,false
s1990-b1_poshlyj,,s1990-b1,poshlyj,false,false,false,D,false,false,false,false,,false
s1990-b1_otchego2,,s1990-b1,otchego2,false,false,false,Cm,false,false,false,false,,false
s1990-b1_proscha3,,s1990-b1,proscha3,false,false,false,Hm,false,false,false,false,,false
s1990-b1_proschan,,s1990-b1,proschan,true,false,false,Dm,true,true,false,false,,false
s1990-b1_pustyjeb,,s1990-b1,pustyjeb,false,false,false,Am,false,false,false,false,,false
s1990-b1_romans2,,s1990-b1,romans2,false,false,false,Dm,false,false,false,false,,false
s1990-b1_svidanie,,s1990-b1,svidanie,false,false,false,"Am > Cm",false,false,false,false,,false
s1990-b1_temapoko,,s1990-b1,temapoko,true,false,false,C,true,true,false,false,,false
s1990-b1_tolpaxud,,s1990-b1,tolpaxud,false,false,false,Hm,false,false,false,false,,false
s1990-b1_ispokojn,,s1990-b1,ispokojn,false,false,false,Gm,false,false,false,false,,false
s1990-b1_trubach,,s1990-b1,trubach,false,false,false,Am,false,false,false,false,,false
s1990-b1_unasopja,,s1990-b1,unasopja,true,false,false,Gm,false,true,false,false,,false
s1990-b1_chastush,,s1990-b1,chastush,true,false,false,Em,false,true,false,false,,false
s1990-b1_schitime,,s1990-b1,schitime,false,false,false,Am,false,false,false,false,,false
s1990-b1_jubilejn,,s1990-b1,jubilejn,true,false,false,Cm,true,true,false,false,,false
s1990-b1_jaispoln,,s1990-b1,jaispoln,false,false,false,Am,false,false,false,false,,false
s1990-b1_jachashu,,s1990-b1,jachashu,false,false,false,Hm,false,false,false,false,,false
s1991-d_balagan2,7,s1991-d,balagan2,true,false,false,"H > C",true,true,false,false,,false
s1991-d_vekaplyv,3,s1991-d,vekaplyv,true,false,false,Cm,true,true,false,false,,false
s1991-d_vostoch2,2,s1991-d,vostoch2,true,false,false,D,true,false,false,false,,false
s1991-d_zaliv,1,s1991-d,zaliv,true,false,false,A,true,true,false,false,,false
s1991-d_ljubov,5,s1991-d,ljubov,true,false,false,"Am > Cm",true,true,false,false,,false
s1991-d_romansma,6,s1991-d,romansma,true,false,false,"Em > Gm",true,true,false,false,,false
s1991-d_svidanie,4,s1991-d,svidanie,true,false,false,"Am > Cm",true,true,false,false,,false
s1991-e_1990,,s1991-e,1990,false,false,,Hm,false,false,false,false,,false
s1991-e_vozdvig,,s1991-e,vozdvig,false,false,,Hm,false,false,false,false,,false
s1991-e_vostoch2,,s1991-e,vostoch2,false,false,false,D,false,false,false,false,,false
s1991-e_stixiopr,,s1991-e,stixiopr,false,false,,Hm,false,false,false,false,,false
s1991-e_zaliv,,s1991-e,zaliv,false,false,false,Em,false,false,false,false,,false
s1991-e_ljubov,,s1991-e,ljubov,false,false,false,"Am > Cm",false,false,false,false,,false
s1991-e_otomirec,,s1991-e,otomirec,false,false,,Am,false,false,false,false,,false
s1991-e_otynezna,,s1991-e,otynezna,false,false,,"Em > G#m",false,false,false,false,,false
s1991-e_ostrova,,s1991-e,ostrova,false,false,,Hm,false,false,false,false,,false
s1991-e_pesenkao,,s1991-e,pesenkao,false,false,,Hm,false,false,false,false,,false
s1991-e_romansma,,s1991-e,romansma,false,false,false,"Em > Gm",false,false,false,false,,false
s1991-e_sentenci,,s1991-e,sentenci,false,false,,"E > G",false,false,false,false,,false
s1991-e_istorija,,s1991-e,istorija,false,false,,Hm,false,false,false,false,,false
s1991-e_sustavy,,s1991-e,sustavy,false,false,,"Em > G#m",false,false,false,false,,false
s1991-e_chtotako,,s1991-e,chtotako,false,false,,"E > G",false,false,false,false,,false
s1992_brodjagi,,s1992,brodjagi,false,false,false,Gm,false,false,false,false,,false
s1992_eschemla,,s1992,eschemla,false,false,false,Em,false,false,false,false,,false
s1992_poslexol,,s1992,poslexol,false,false,false,Hm,false,false,false,false,,false
s1992_sharmans,,s1992,sharmans,true,false,false,"Dm > Em",true,true,false,false,,false
s1993-f_baltijsk,7,s1993-f,baltijsk,true,false,false,,false,false,false,false,,false
s1993-f_zaklinan,3,s1993-f,zaklinan,true,false,false,Hm,false,false,false,false,,false
s1993-f_okean,2,s1993-f,okean,true,false,false,C,true,false,false,false,,false
s1993-f_rozhdest,6,s1993-f,rozhdest,true,false,false,"D > E",false,false,false,false,,false
s1993-f_unasopja,1,s1993-f,unasopja,true,false,false,Gm,false,false,false,false,,false
s1993-f_etiglaza,5,s1993-f,etiglaza,true,false,false,Am,false,false,false,false,,false
s1993-f_etoja,4,s1993-f,etoja,true,false,false,C,false,false,false,false,,false
s1993-m_vbelojmg,,s1993-m,vbelojmg,true,false,false,Am,false,false,false,false,,false
s1993-m_netnet,,s1993-m,netnet,true,false,false,Hm,false,false,false,false,,false
s1993-m_rusalka,,s1993-m,rusalka,true,false,false,Am,false,false,false,false,,false
s1993-s_1991,5,s1993-s,1991,false,false,false,Hm,false,false,false,false,,true
s1993-s_descensu,2,s1993-s,descensu,true,false,false,F,false,false,false,false,,true
s1993-s_farewell,18,s1993-s,farewell,false,false,false,,false,false,false,false,,true
s1993-s_aerodrom,10,s1993-s,aerodrom,true,false,false,Dm,false,true,false,false,,false
s1993-s_vademecu,16,s1993-s,vademecu,false,false,false,Am,false,false,false,false,,false
s1993-s_vjuga,27,s1993-s,vjuga,true,false,false,,false,true,false,false,,false
s1993-s_deklarac,22,s1993-s,deklarac,false,false,false,"Am > Hm",false,false,false,false,,false
s1993-s_drugajaz,1,s1993-s,drugajaz,true,false,false,G,true,false,false,false,,true
s1993-s_ej28let,20,s1993-s,ej28let,false,false,false,Am,false,false,false,false,,true
s1993-s_izdaleka,11,s1993-s,izdaleka,false,false,false,Hm,false,false,false,false,,false
s1993-s_kadril,15,s1993-s,kadril,false,false,false,A,false,false,false,false,,false
s1993-s_kakojkos,8,s1993-s,kakojkos,false,false,false,C#m,false,false,false,false,,true
s1993-s_kalejdos,13,s1993-s,kalejdos,false,false,false,Hm,false,false,false,false,,true
s1993-s_menuet,9,s1993-s,menuet,true,false,false,"Em > Gm",true,false,false,false,,true
s1993-s_molitva,25,s1993-s,molitva,true,false,false,Gm,true,true,false,false,,false
s1993-s_odnazhdy,4,s1993-s,odnazhdy,false,false,false,"Am > Hm",false,false,false,false,,true
s1993-s_ochnulsj,12,s1993-s,ochnulsj,false,false,false,Dm,false,false,false,false,,true
s1993-s_panorama,21,s1993-s,panorama,false,false,false,Am,false,false,false,false,,false
s1993-s_prenebre,17,s1993-s,prenebre,false,false,false,"Hm > C#m",false,false,false,false,,true
s1993-s_peterbur,14,s1993-s,peterbur,false,false,false,A,false,false,false,false,,false
s1993-s_peshkom,19,s1993-s,peshkom,false,false,false,Am,false,false,false,false,,true
s1993-s_farmacev,6,s1993-s,farmacev,true,false,false,Em,false,false,false,false,,true
s1993-s_fontanka,3,s1993-s,fontanka,true,false,false,Am,false,false,false,false,,true
s1993-s_shkolat1,7,s1993-s,shkolat1,true,false,false,D,false,false,false,false,,true
s1993_1992,24,s1993,1992,true,false,false,"Dm > Em",false,true,false,false,,false
s1993_voslavug,23,s1993,voslavug,true,false,false,Dm,true,true,false,false,,false
s1993_etodolzh,26,s1993,etodolzh,false,false,false,Em,false,false,false,false,,false
s1994-s_adleucon,31,s1994-s,adleucon,true,false,false,Gm,true,true,false,false,,true
s1994-s_theraven,42,s1994-s,theraven,false,false,false,Am,false,false,false,false,,true
s1994-s_akoektop,38,s1994-s,akoektop,false,false,false,Dm,false,false,false,false,,false
s1994-s_avstrali,46,s1994-s,avstrali,false,false,false,,false,false,false,false,,true
s1994-s_avtoparo,41,s1994-s,avtoparo,false,false,false,Cm,false,false,false,false,,true
s1994-s_allegord,28,s1994-s,allegord,true,false,false,A,true,false,false,false,,false
s1994-s_alliluja,18,s1994-s,alliluja,true,false,false,Gm,false,false,false,false,,true
s1994-s_balagan1,29,s1994-s,balagan1,true,false,false,Em,false,true,false,false,,true
s1994-s_ballada,58,s1994-s,ballada,false,false,false,,false,false,false,false,,true
s1994-s_vechnoes,40,s1994-s,vechnoes,false,false,false,"Dm > Em",false,false,false,false,,true
s1994-s_vostochr,33,s1994-s,vostochr,false,false,false,Am,false,false,false,false,,true
s1994-s_vosxodja,15,s1994-s,vosxodja,true,false,false,Em,true,true,false,false,,true
s1994-s_vseravno,4,s1994-s,vseravno,false,false,false,Cm,false,false,false,false,,false
s1994-s_gorestn2,19,s1994-s,gorestn2,false,false,false,Dm,false,false,false,false,,false
s1994-s_jim,57,s1994-s,jim,false,false,false,Em,false,false,false,false,,true
s1994-s_diktant,53,s1994-s,diktant,false,false,false,Am,false,false,false,false,,true
s1994-s_drugoe,49,s1994-s,drugoe,false,false,false,Hm,false,false,false,false,,true
s1994-s_duet,62,s1994-s,duet,false,false,false,G,false,false,false,false,,true
s1994-s_instrukc,56,s1994-s,instrukc,false,false,false,Am,false,false,false,false,,true
s1994-s_ksorokon,60,s1994-s,ksorokon,false,false,false,Gm,false,false,false,false,,true
s1994-s_kibitka,1,s1994-s,kibitka,true,false,false,Hm,true,true,false,false,,true
s1994-s_kovcheg,27,s1994-s,kovcheg,true,false,false,C#m,true,true,false,false,,true
s1994-s_konivvag,10,s1994-s,konivvag,true,false,false,A,true,true,false,false,,false
s1994-s_korchma,50,s1994-s,korchma,false,false,false,Am,false,false,false,false,,true
s1994-s_maj,3,s1994-s,maj,false,false,false,Am,false,false,false,false,,true
s1994-s_marshkro,52,s1994-s,marshkro,false,false,false,Am,false,false,false,false,,true
s1994-s_moiraket,45,s1994-s,moiraket,false,false,false,D,false,false,false,false,,true
s1994-s_moekoro1,14,s1994-s,moekoro1,false,false,false,C#m,false,false,false,false,,false
s1994-s_moekoro2,16,s1994-s,moekoro2,false,false,false,,false,false,false,false,,true
s1994-s_muzhajsj,32,s1994-s,muzhajsj,false,false,false,Bm,true,true,false,false,,true
s1994-s_navsejz1,17,s1994-s,navsejz1,true,false,false,Am,true,true,false,false,,false
s1994-s_nazimnej,39,s1994-s,nazimnej,false,false,false,Am,false,false,false,false,,true
s1994-s_navescha,34,s1994-s,navescha,false,false,false,Dm,false,false,false,false,,true
s1994-s_novyjgen,36,s1994-s,novyjgen,false,false,false,"Am > Hm",false,false,false,false,,false
s1994-s_ogerojax,23,s1994-s,ogerojax,false,false,false,Am,false,false,false,false,,false
s1994-s_orodine,44,s1994-s,orodine,false,false,false,Hm,false,false,false,false,,true
s1994-s_pazh,24,s1994-s,pazh,true,false,false,Hm,false,false,false,false,,true
s1994-s_sredneg2,25,s1994-s,sredneg2,false,false,false,G,false,false,false,false,,true
s1994-s_podzname,20,s1994-s,podzname,false,false,false,Am,false,false,false,false,,true
s1994-s_podrosto,47,s1994-s,podrosto,false,false,false,Hm,false,false,false,false,,true
s1994-s_posesche,54,s1994-s,posesche,false,false,false,Dm,false,false,false,false,,true
s1994-s_poshlyj,2,s1994-s,poshlyj,true,false,false,D,false,false,false,false,,true
s1994-s_prosba,59,s1994-s,prosba,false,false,false,Em,false,false,false,false,,true
s1994-s_proscha1,6,s1994-s,proscha1,true,false,false,"Ebm (условно)",false,false,false,false,,true
s1994-s_proscha2,7,s1994-s,proscha2,true,false,false,A,true,true,false,false,,false
s1994-s_proscha3,37,s1994-s,proscha3,false,false,false,Hm,false,false,false,false,,false
s1994-s_proschan,35,s1994-s,proschan,true,false,false,Dm,false,true,false,false,,true
s1994-s_puskaj,48,s1994-s,puskaj,false,false,false,C,false,false,false,false,,true
s1994-s_pustyjeb,21,s1994-s,pustyjeb,false,false,false,Am,false,false,false,false,,false
s1994-s_piesa,43,s1994-s,piesa,false,false,false,Am,false,false,false,false,,false
s1994-s_rodljuds,55,s1994-s,rodljuds,false,false,false,Dm,false,false,false,false,,true
s1994-s_vrjadli,51,s1994-s,vrjadli,false,false,false,Dm,false,false,false,false,,true
s1994-s_romans1,11,s1994-s,romans1,true,false,false,Dm,true,true,false,false,,false
s1994-s_romans2,13,s1994-s,romans2,false,false,false,Dm,false,false,false,false,,false
s1994-s_sezondoz,26,s1994-s,sezondoz,true,false,false,,true,true,false,false,,true
s1994-s_temapoko,30,s1994-s,temapoko,true,false,false,C,true,true,false,false,,false
s1994-s_tochtoxo,61,s1994-s,tochtoxo,false,false,false,Am,false,false,false,false,,true
s1994-s_ispokojn,12,s1994-s,ispokojn,false,false,false,Gm,false,false,false,false,,false
s1994-s_trubach,9,s1994-s,trubach,true,false,false,Am,false,false,false,false,,true
s1994-s_teplyj,22,s1994-s,teplyj,true,false,false,,false,false,false,false,,true
s1994-s_sharmans,,s1994-s,sharmans,true,false,false,Dm,true,true,false,false,,false
s1994-s_jubilejn,8,s1994-s,jubilejn,true,false,false,Cm,true,true,false,false,,true
s1994-s_jachashu,5,s1994-s,jachashu,false,false,false,Hm,false,false,false,false,,false
s1995-s_1995,,s1995-s,1995,false,false,false,Em,false,false,false,false,,true
s1995-s_chinatow,,s1995-s,chinatow,false,false,false,Hm,true,true,false,false,,true
s1995-s_eccehomo,,s1995-s,eccehomo,true,false,false,G,true,true,false,false,,false
s1995-s_natura,,s1995-s,natura,true,false,false,Em,true,true,false,false,,true
s1995-s_once,,s1995-s,once,true,false,false,Em,true,true,false,false,,true
s1995-s_paris,,s1995-s,paris,true,false,false,Em,true,false,false,false,,true
s1995-s_aneta,,s1995-s,aneta,false,false,false,"Am > F#m",false,false,false,false,,true
s1995-s_burja,,s1995-s,burja,false,false,false,Dm,false,false,false,false,,false
s1995-s_vostoch1,,s1995-s,vostoch1,false,false,false,Em,false,false,false,false,,false
s1995-s_votpodni,,s1995-s,votpodni,false,false,false,Am,false,false,false,false,,true
s1995-s_vtornik,,s1995-s,vtornik,true,false,false,A,true,true,false,false,,false
s1995-s_zavescha,,s1995-s,zavescha,false,false,false,Em,false,false,false,false,,true
s1995-s_zatemzhe,,s1995-s,zatemzhe,false,false,false,Am,false,false,false,false,,true
s1995-s_interme1,,s1995-s,interme1,true,false,false,Cm,false,false,true,false,,true
s1995-s_interme2,,s1995-s,interme2,true,false,false,Cm,false,false,true,false,,true
s1995-s_itakdruz,,s1995-s,itakdruz,false,false,false,Em,false,false,false,false,,true
s1995-s_karavan,,s1995-s,karavan,true,false,false,Am,true,true,false,false,,true
s1995-s_kinemat1,,s1995-s,kinemat1,false,false,false,C,false,false,false,false,,true
s1995-s_kogdajab,,s1995-s,kogdajab,false,false,false,Em,false,false,false,false,,true
s1995-s_kogoljub,,s1995-s,kogoljub,false,false,false,Am,false,false,false,false,,true
s1995-s_kolybeln,,s1995-s,kolybeln,true,false,false,Dm,true,true,false,false,,true
s1995-s_kolybelb,,s1995-s,kolybelb,false,false,false,Em,false,false,false,false,,true
s1995-s_kupljubi,,s1995-s,kupljubi,false,false,false,"A > H",false,false,false,false,,true
s1995-s_mezhetim,,s1995-s,mezhetim,false,false,false,Hm,false,false,false,false,,true
s1995-s_otchego1,,s1995-s,otchego1,false,false,false,"Am > Hm",false,false,false,false,,true
s1995-s_moekoro3,,s1995-s,moekoro3,false,false,false,D,false,false,false,false,,true
s1995-s_nichemun,,s1995-s,nichemun,false,false,false,D,false,false,false,false,,true
s1995-s_japodari,,s1995-s,japodari,false,false,false,Am,false,false,false,false,,true
s1995-s_vpoxodny,,s1995-s,vpoxodny,false,false,false,Am,false,false,false,false,,true
s1995-s_predpolo,,s1995-s,predpolo,true,false,false,A,false,false,false,false,,true
s1995-s_otchego2,,s1995-s,otchego2,false,false,false,Cm,false,false,false,false,,true
s1995-s_puskaj,,s1995-s,puskaj,true,false,false,C,true,true,false,false,,true
s1995-s_serdcean,,s1995-s,serdcean,false,false,false,Am,false,false,false,false,,true
s1995-s_shkolat2,,s1995-s,shkolat2,false,false,false,Am,false,false,false,false,,true
s1996-s_1990,32,s1996-s,1990,false,false,false,Hm,false,false,false,false,,false
s1996-s_1991,34,s1996-s,1991,false,false,false,Hm,false,false,false,false,,true
s1996-s_switzerl,3,s1996-s,switzerl,true,false,false,Hm,true,true,false,false,,true
s1996-s_burja,25,s1996-s,burja,false,false,false,Dm,false,false,false,false,,true
s1996-s_vbelojmg,43,s1996-s,vbelojmg,false,false,false,Am,false,false,false,false,,true
s1996-s_vozdvig,30,s1996-s,vozdvig,false,false,false,Hm,false,false,false,false,,false
s1996-s_volk,10,s1996-s,volk,true,false,false,Gm,true,true,false,false,,true
s1996-s_vostoch1,36,s1996-s,vostoch1,false,false,false,Em,false,false,false,false,,true
s1996-s_vostoch2,37,s1996-s,vostoch2,false,false,false,D,false,false,false,false,,true
s1996-s_vostochr,40,s1996-s,vostochr,false,false,false,Am,false,false,false,false,,true
s1996-s_gorestn2,18,s1996-s,gorestn2,false,false,false,Dm,false,false,false,false,,true
s1996-s_deklarac,29,s1996-s,deklarac,false,false,false,"Am > Hm",false,false,false,false,,true
s1996-s_stixiopr,24,s1996-s,stixiopr,false,false,false,Hm,false,false,false,false,,false
s1996-s_eschezak,8,s1996-s,eschezak,false,false,false,"Hm > Cm",false,false,false,false,,true
s1996-s_zavescha,38,s1996-s,zavescha,false,false,false,"Em > Fm",false,false,false,false,,false
s1996-s_zaliv,20,s1996-s,zaliv,false,false,false,,false,false,false,false,,true
s1996-s_inicialy,12,s1996-s,inicialy,false,false,false,Dm,false,false,false,false,,true
s1996-s_interme3,14,s1996-s,interme3,false,false,false,Dm,false,false,false,false,,true
s1996-s_kinemat1,26,s1996-s,kinemat1,false,false,false,C,false,false,false,false,,false
s1996-s_kinemat2,9,s1996-s,kinemat2,false,false,false,Hm,false,false,false,false,,true
s1996-s_kollazh,13,s1996-s,kollazh,true,false,false,C#m,true,false,true,false,,true
s1996-s_konecned,15,s1996-s,konecned,true,false,false,,true,true,false,false,,true
s1996-s_kordebal,7,s1996-s,kordebal,false,false,false,Am,false,false,false,false,,true
s1996-s_navescha,44,s1996-s,navescha,false,false,false,Dm,false,false,false,false,,true
s1996-s_nadpis,6,s1996-s,nadpis,false,false,false,A,false,false,false,false,,true
s1996-s_neznajuk,4,s1996-s,neznajuk,false,false,false,E,false,false,true,false,,true
s1996-s_otomirec,19,s1996-s,otomirec,false,false,false,"F#m > G#m",false,false,false,false,,false
s1996-s_otynezna,31,s1996-s,otynezna,false,false,false,Am,false,false,false,false,,false
s1996-s_odnazhdy,23,s1996-s,odnazhdy,false,false,false,Am,false,false,false,false,,true
s1996-s_ostrova,41,s1996-s,ostrova,false,false,false,Hm,false,false,false,false,,false
s1996-s_pesenkao,39,s1996-s,pesenkao,false,false,false,Hm,false,false,false,false,,false
s1996-s_povodyr,1,s1996-s,povodyr,false,false,false,"Em (условно)",false,false,true,false,,true
s1996-s_podzname,42,s1996-s,podzname,false,false,false,Am,false,false,false,false,,true
s1996-s_proscha3,22,s1996-s,proscha3,false,false,false,Hm,false,false,false,false,,false
s1996-s_romans2,21,s1996-s,romans2,false,false,false,Dm,false,false,false,false,,false
s1996-s_sentenci,35,s1996-s,sentenci,false,false,false,"E > G",false,false,false,false,,false
s1996-s_istorija,17,s1996-s,istorija,false,false,false,Hm,false,false,false,false,,false
s1996-s_sustavy,28,s1996-s,sustavy,false,false,false,Am,false,false,false,false,,false
s1996-s_ispokojn,33,s1996-s,ispokojn,false,false,false,Gm,false,false,false,false,,false
s1996-s_celoelet,11,s1996-s,celoelet,false,false,false,Hm,false,false,true,false,,true
s1996-s_celoelet,45,s1996-s,celoelet,false,false,false,Hm,false,false,true,false,,true
s1996-s_cirkachk,5,s1996-s,cirkachk,true,false,false,Dm,false,true,false,false,,true
s1996-s_chepuxa,16,s1996-s,chepuxa,false,false,false,Hm,false,false,false,false,,true
s1996-s_chtotako,27,s1996-s,chtotako,false,false,false,"E > F#",false,false,false,false,,false
s1996-s_etoneja,2,s1996-s,etoneja,false,false,false,D#m,false,false,false,false,,true
s1996-02_allegord,15,s1996-02,allegord,true,false,false,A,true,true,false,false,,false
s1996-02_balagan2,20,s1996-02,balagan2,true,false,false,"H > C",true,true,false,false,,false
s1996-02_vekaplyv,4,s1996-02,vekaplyv,true,false,false,Cm,true,true,false,false,,false
s1996-02_voslavug,6,s1996-02,voslavug,true,false,false,Dm,true,true,false,false,,false
s1996-02_vozvrasc,10,s1996-02,vozvrasc,true,false,false,D,true,true,false,false,,false
